{
    "parent": "item/generated",
    "textures": {
        "layer0": "item/carrot_on_a_stick"
    },

    "overrides": [
        { "predicate": { "custom_model_data": 1 }, "model": "item/boat" },
        { "predicate": { "custom_model_data": 2 }, "model": "item/home" },
        { "predicate": { "custom_model_data": 3 }, "model": "item/ui" },
        { "predicate": { "custom_model_data": 10 }, "model": "item/logo0" },
        { "predicate": { "custom_model_data": 11 }, "model": "item/logo1" },
        { "predicate": { "custom_model_data": 12 }, "model": "item/logo2" },
        { "predicate": { "custom_model_data": 13 }, "model": "item/logo3" },
        { "predicate": { "custom_model_data": 14 }, "model": "item/logo4" },
        { "predicate": { "custom_model_data": 15 }, "model": "item/logo5" },
        { "predicate": { "custom_model_data": 16 }, "model": "item/logo6" },
        { "predicate": { "custom_model_data": 17 }, "model": "item/logo7" },
        { "predicate": { "custom_model_data": 18 }, "model": "item/logo8" },
        { "predicate": { "custom_model_data": 20 }, "model": "item/mr.beast" }
    ]
}