{
	"credit": "Made with Blockbench",
	"textures": {
		"0": "item/mr.beast",
		"particle": "item/mr.beast"
	},
	"elements": [
		{
			"name": "head",
			"from": [4, 23.5, 4],
			"to": [12, 31.5, 12],
			"rotation": {"angle": 22.5, "axis": "x", "origin": [8, 27.5, 8]},
			"faces": {
				"north": {"uv": [2, 2, 4, 4], "texture": "#0"},
				"east": {"uv": [0, 2, 2, 4], "texture": "#0"},
				"south": {"uv": [6, 2, 8, 4], "texture": "#0"},
				"west": {"uv": [4, 2, 6, 4], "texture": "#0"},
				"up": {"uv": [4, 2, 2, 0], "texture": "#0"},
				"down": {"uv": [6, 0, 4, 2], "texture": "#0"}
			}
		},
		{
			"name": "body",
			"from": [4, 11.5, 6],
			"to": [12, 23.5, 10],
			"faces": {
				"north": {"uv": [5, 5, 7, 7.98], "texture": "#0"},
				"east": {"uv": [4, 5, 5, 8], "texture": "#0"},
				"south": {"uv": [8, 5, 10, 8], "texture": "#0"},
				"west": {"uv": [7, 5, 8, 7.98], "texture": "#0"},
				"up": {"uv": [7, 5, 5, 4], "texture": "#0"},
				"down": {"uv": [9, 4, 7, 5], "texture": "#0"}
			}
		},
		{
			"name": "right_arm",
			"from": [10.9975, 21.5025, 6],
			"to": [22.9975, 25.5025, 10],
			"rotation": {"angle": 45, "axis": "z", "origin": [13.9975, 23.5, 8]},
			"faces": {
				"north": {"uv": [11, 5, 12, 8], "rotation": 90, "texture": "#0"},
				"east": {"uv": [13, 4, 12, 5], "rotation": 270, "texture": "#0"},
				"south": {"uv": [13, 5, 14, 8], "rotation": 270, "texture": "#0"},
				"west": {"uv": [12, 5, 11, 4], "rotation": 270, "texture": "#0"},
				"up": {"uv": [10, 5, 11, 8], "rotation": 270, "texture": "#0"},
				"down": {"uv": [12, 5, 13, 8], "rotation": 270, "texture": "#0"}
			}
		},
		{
			"name": "left_arm",
			"from": [-7, 21.5, 6],
			"to": [5, 25.5, 10],
			"rotation": {"angle": -45, "axis": "z", "origin": [2, 23.5, 8]},
			"faces": {
				"north": {"uv": [9, 13, 10, 16], "rotation": 270, "texture": "#0"},
				"east": {"uv": [10, 13, 9, 12], "rotation": 90, "texture": "#0"},
				"south": {"uv": [11, 13, 12, 16], "rotation": 90, "texture": "#0"},
				"west": {"uv": [11, 12, 10, 13], "rotation": 90, "texture": "#0"},
				"up": {"uv": [10, 13, 11, 16], "rotation": 90, "texture": "#0"},
				"down": {"uv": [8, 13, 9, 16], "rotation": 90, "texture": "#0"}
			}
		},
		{
			"name": "right_leg",
			"from": [8, 9.5, -4],
			"to": [12, 13.5, 8],
			"rotation": {"angle": -22.5, "axis": "y", "origin": [10, 11.5, 8]},
			"faces": {
				"north": {"uv": [3, 4, 2, 5], "rotation": 180, "texture": "#0"},
				"east": {"uv": [0, 5, 1, 8], "rotation": 270, "texture": "#0"},
				"south": {"uv": [2, 5, 1, 4], "texture": "#0"},
				"west": {"uv": [2, 5, 3, 8], "rotation": 90, "texture": "#0"},
				"up": {"uv": [1, 5, 2, 8], "rotation": 180, "texture": "#0"},
				"down": {"uv": [3, 5, 4, 8], "texture": "#0"}
			}
		},
		{
			"name": "left_leg",
			"from": [4, 9.5, -4],
			"to": [8, 13.5, 8],
			"rotation": {"angle": 22.5, "axis": "y", "origin": [6, 11.5, 8]},
			"faces": {
				"north": {"uv": [7, 12, 6, 13], "rotation": 180, "texture": "#0"},
				"east": {"uv": [4, 13, 5, 16], "rotation": 270, "texture": "#0"},
				"south": {"uv": [6, 13, 5, 12], "texture": "#0"},
				"west": {"uv": [6, 13, 7, 16], "rotation": 90, "texture": "#0"},
				"up": {"uv": [5, 13, 6, 16], "rotation": 180, "texture": "#0"},
				"down": {"uv": [7, 13, 8, 16], "texture": "#0"}
			}
		},
		{
			"name": "head_2nd_layer",
			"from": [3.5, 23, 3.5],
			"to": [12.5, 32, 12.5],
			"rotation": {"angle": 22.5, "axis": "x", "origin": [8, 27.5, 8]},
			"faces": {
				"north": {"uv": [10, 2, 12, 4], "texture": "#0"},
				"east": {"uv": [8, 2, 10, 4], "texture": "#0"},
				"south": {"uv": [14, 2, 16, 4], "texture": "#0"},
				"west": {"uv": [12, 2, 14, 4], "texture": "#0"},
				"up": {"uv": [12, 2, 10, 0], "texture": "#0"},
				"down": {"uv": [14, 0, 12, 2], "texture": "#0"}
			}
		},
		{
			"name": "body_2nd_layer",
			"from": [4, 11.02, 5.5],
			"to": [12, 24.03, 10.5],
			"faces": {
				"north": {"uv": [5, 9, 7, 12], "texture": "#0"},
				"east": {"uv": [4, 9, 5, 12], "texture": "#0"},
				"south": {"uv": [8, 9, 10, 12], "texture": "#0"},
				"west": {"uv": [7, 9, 8, 12], "texture": "#0"},
				"up": {"uv": [7, 9, 5, 8], "texture": "#0"},
				"down": {"uv": [9, 8, 7, 9], "texture": "#0"}
			}
		},
		{
			"name": "right_arm_2nd_layer",
			"from": [10.4975, 21.0025, 5.5],
			"to": [23.4975, 25.9925, 10.5],
			"rotation": {"angle": 45, "axis": "z", "origin": [13.9975, 23.5, 8]},
			"faces": {
				"north": {"uv": [11, 9, 12, 12], "rotation": 90, "texture": "#0"},
				"east": {"uv": [13, 8, 12, 9], "rotation": 270, "texture": "#0"},
				"south": {"uv": [13, 9, 14, 12], "rotation": 270, "texture": "#0"},
				"west": {"uv": [12, 9, 11, 8], "rotation": 270, "texture": "#0"},
				"up": {"uv": [10, 9, 11, 12], "rotation": 270, "texture": "#0"},
				"down": {"uv": [12, 9, 13, 12], "rotation": 270, "texture": "#0"}
			}
		},
		{
			"name": "left_arm_2nd_layer",
			"from": [-7.5, 21, 5.5],
			"to": [5.5, 26, 10.5],
			"rotation": {"angle": -45, "axis": "z", "origin": [2, 23.5, 8]},
			"faces": {
				"north": {"uv": [13, 13, 14, 16], "rotation": 270, "texture": "#0"},
				"east": {"uv": [14, 13, 13, 12], "rotation": 90, "texture": "#0"},
				"south": {"uv": [15, 13, 16, 16], "rotation": 90, "texture": "#0"},
				"west": {"uv": [15, 12, 14, 13], "rotation": 90, "texture": "#0"},
				"up": {"uv": [14, 13, 15, 16], "rotation": 90, "texture": "#0"},
				"down": {"uv": [12, 13, 13, 16], "rotation": 90, "texture": "#0"}
			}
		},
		{
			"name": "right_leg_2nd_layer",
			"from": [7.5, 9, -4.5],
			"to": [12.5, 14, 8.5],
			"rotation": {"angle": -22.5, "axis": "y", "origin": [10, 11.5, 8]},
			"faces": {
				"north": {"uv": [3, 8, 2, 9], "rotation": 180, "texture": "#0"},
				"east": {"uv": [0, 9, 1, 12], "rotation": 270, "texture": "#0"},
				"south": {"uv": [2, 9, 1, 8], "texture": "#0"},
				"west": {"uv": [2, 9, 3, 12], "rotation": 90, "texture": "#0"},
				"up": {"uv": [1, 9, 2, 12], "rotation": 180, "texture": "#0"},
				"down": {"uv": [3, 9, 4, 12], "texture": "#0"}
			}
		},
		{
			"name": "left_leg_2nd_layer",
			"from": [3.5, 9, -4.5],
			"to": [8.5, 14, 8.5],
			"rotation": {"angle": 22.5, "axis": "y", "origin": [6, 11.5, 8]},
			"faces": {
				"north": {"uv": [3, 12, 2, 13], "rotation": 180, "texture": "#0"},
				"east": {"uv": [0, 13, 1, 16], "rotation": 270, "texture": "#0"},
				"south": {"uv": [2, 12, 1, 11], "texture": "#0"},
				"west": {"uv": [2, 13, 3, 16], "rotation": 90, "texture": "#0"},
				"up": {"uv": [1, 13, 2, 16], "rotation": 180, "texture": "#0"},
				"down": {"uv": [3, 13, 4, 16], "texture": "#0"}
			}
		}
	],
	"display": {
		"head": {
			"translation": [0, -46.75, 0],
			"scale": [1.62, 1.62, 1.62]
		}
	},
	"groups": [
		{
			"name": "steve",
			"origin": [8, 8, 8],
			"color": 0,
			"children": [0, 1, 2, 3, 4, 5, 6, 7, 8, 9, 10, 11]
		}
	]
}