{
    "parent": "builtin/generated",
    "gui_light": "front",
    "display": {
        "ground": {
            "rotation": [0, 0, 0],
            "translation": [0, 2, 0],
            "scale": [2, 2, 2]
        },
        "head": {
            "rotation": [0, 180, 0],
            "translation": [0, 13, 7],
            "scale": [1, 1, 1]
        },
        "thirdperson_righthand": {
            "rotation": [0, 0, 0],
            "translation": [0, 3, 1],
            "scale": [1, 1, 1]
        },
        "firstperson_righthand": {
            "rotation": [0, -90, 25],
            "translation": [1.13, 3.2, 1.13],
            "scale": [1, 1, 1]
        },
        "fixed": {
            "rotation": [0, 180, 0],
            "scale": [1, 1, 1]
        }
    }
}